{"Foo,AUTH,foo@acme.com":1726600856.287000000,"Bar,AUTH,bar@acme.com":1732521568.453000000,"Loo,SCM":1718865809.533826000,"Foo,SCM,foo@acme.com":1729761840.669869178}